id,first_name,last_name,email,gender,ip_address
1,Sibbie,Gewer,sgewer0@icio.us,Female,50.194.211.178
2,Jamison,Figure,jfigure1@php.net,Male,243.13.243.1
3,Inger,Rehor,irehor2@nba.com,Female,183.165.28.118
4,Alonso,Streets,astreets3@pinterest.com,Male,90.173.142.166
5,Julita,Hegg,jhegg4@sciencedaily.com,Female,121.76.129.19
6,Raphaela,Innott,rinnott5@bandcamp.com,Genderfluid,219.53.253.95
7,Vannie,Gammack,vgammack6@qq.com,Female,62.252.246.197
8,Sondra,Halfhyde,shalfhyde7@squarespace.com,Female,161.27.24.157
9,Georgiana,Siddon,gsiddon8@aol.com,Female,172.123.162.59
10,Wittie,Posse,wposse9@vistaprint.com,Male,99.60.200.67
11,Wesley,Cunio,wcunioa@mit.edu,Male,253.22.124.243
12,Pauly,McCahill,pmccahillb@cmu.edu,Female,35.99.137.203
13,Johannes,Dight,jdightc@techcrunch.com,Male,42.3.28.200
14,Frankie,Ruttgers,fruttgersd@google.ca,Male,87.141.142.44
15,Regine,Mercy,rmercye@discuz.net,Female,157.94.235.51
16,Cortney,Mapp,cmappf@infoseek.co.jp,Female,151.219.63.235
17,Jay,Seefeldt,jseefeldtg@patch.com,Male,114.155.217.172
18,Berry,Padbery,bpadberyh@barnesandnoble.com,Female,77.165.37.9
19,Mirabel,Dummer,mdummeri@github.com,Female,107.71.175.64
20,Isidora,Burghill,iburghillj@ucsd.edu,Female,90.241.128.43
21,Irwin,Petticrew,ipetticrewk@multiply.com,Male,169.45.252.144
22,Reginald,Chrippes,rchrippesl@biglobe.ne.jp,Male,91.41.107.154
23,Heath,Monketon,hmonketonm@webmd.com,Female,77.232.241.82
24,Aime,Galletley,agalletleyn@shop-pro.jp,Female,101.60.49.158
25,Kay,Gaddes,kgaddeso@jimdo.com,Female,185.42.104.249
26,Elnore,Hagyard,ehagyardp@storify.com,Female,237.166.119.229
27,Mile,Shirt,mshirtq@unicef.org,Male,198.208.11.201
28,Lucian,Vernalls,lvernallsr@about.com,Male,106.207.133.80
29,Geordie,Hazard,ghazards@goo.gl,Male,76.196.163.73
30,Jermaine,Sellors,jsellorst@taobao.com,Female,151.69.183.110
31,Giorgi,Howbrook,ghowbrooku@walmart.com,Male,253.109.14.58
32,Issi,Deakin,ideakinv@rambler.ru,Female,181.2.204.228
33,Sabina,Syseland,ssyselandw@soundcloud.com,Female,253.242.0.208
34,Antonia,Dunckley,adunckleyx@about.me,Female,233.198.109.200
35,Wilie,Bunny,wbunnyy@unc.edu,Female,91.179.62.43
36,Kipp,Boulter,kboulterz@ucoz.com,Female,118.145.63.17
37,Xena,Folley,xfolley10@wisc.edu,Female,134.118.220.193
38,Julee,Marte,jmarte11@unblog.fr,Female,23.108.160.7
39,Jeramey,Dalli,jdalli12@hostgator.com,Male,205.247.127.199
40,Richy,Cheak,rcheak13@biblegateway.com,Non-binary,80.1.186.245
41,Kristofor,Mebs,kmebs14@marriott.com,Male,157.145.43.10
42,Henrietta,Worlidge,hworlidge15@sourceforge.net,Female,111.25.205.193
43,Nicola,Havile,nhavile16@over-blog.com,Male,51.242.7.2
44,Grayce,Thursfield,gthursfield17@ow.ly,Female,142.193.93.58
45,Casie,Allam,callam18@netvibes.com,Female,155.77.248.228
46,Leigh,O'Dulchonta,lodulchonta19@gov.uk,Female,190.255.69.53
47,Donnie,Grigoliis,dgrigoliis1a@geocities.com,Male,50.196.48.135
48,Liuka,Gauvin,lgauvin1b@usnews.com,Female,143.87.173.242
49,Glenden,Kilcullen,gkilcullen1c@fotki.com,Agender,243.28.33.165
50,Cleve,Snelling,csnelling1d@moonfruit.com,Male,254.90.5.7
51,Catie,MacAndrew,cmacandrew1e@altervista.org,Female,30.26.85.10
52,Phil,Lathom,plathom1f@diigo.com,Male,100.230.84.66
53,Eveline,Kellie,ekellie1g@spotify.com,Female,65.173.83.154
54,Cyrille,Romeuf,cromeuf1h@cargocollective.com,Male,150.240.145.209
55,Cletis,Knoton,cknoton1i@cbc.ca,Male,4.58.182.78
56,Sheffield,Wasbrough,swasbrough1j@posterous.com,Male,100.96.193.249
57,Leontyne,Moreinu,lmoreinu1k@netlog.com,Female,34.95.171.47
58,Charles,Tapscott,ctapscott1l@columbia.edu,Male,101.150.10.235
59,John,Murie,jmurie1m@vk.com,Male,23.130.5.124
60,Mario,Stopps,mstopps1n@myspace.com,Male,141.67.145.245
61,Otes,Libermore,olibermore1o@tinypic.com,Male,89.104.45.133
62,Janina,Disdel,jdisdel1p@arstechnica.com,Female,154.212.60.1
63,Nannie,Brian,nbrian1q@blogs.com,Female,203.155.47.90
64,Chrystal,Ruskin,cruskin1r@studiopress.com,Female,101.23.245.187
65,Rafa,Pasticznyk,rpasticznyk1s@a8.net,Female,198.117.119.159
66,Rena,O'Cridigan,rocridigan1t@wisc.edu,Female,33.164.152.239
67,Marieann,Nottingam,mnottingam1u@businesswire.com,Genderqueer,240.151.203.243
68,Maryann,Zamudio,mzamudio1v@hexun.com,Genderfluid,159.90.50.111
69,Florri,Gricewood,fgricewood1w@wikipedia.org,Female,134.244.177.114
70,Clim,Aleksandrikin,caleksandrikin1x@live.com,Male,50.50.236.96
71,Dorene,Zamboniari,dzamboniari1y@imageshack.us,Female,3.114.67.35
72,Cyril,Mc Giffin,cmcgiffin1z@howstuffworks.com,Male,131.57.50.135
73,Salomone,Saffill,ssaffill20@sbwire.com,Male,15.113.228.93
74,Bab,Van der Brug,bvanderbrug21@wikia.com,Female,223.81.18.169
75,Vlad,Spencock,vspencock22@cnbc.com,Male,65.127.251.219
76,Law,Rigby,lrigby23@elegantthemes.com,Male,128.182.91.246
77,Raddy,Le Batteur,rlebatteur24@ow.ly,Male,236.190.157.174
78,Bram,Kolakovic,bkolakovic25@technorati.com,Male,155.192.20.10
79,Hale,Scorer,hscorer26@linkedin.com,Male,20.183.17.14
80,Vallie,O'Feeny,vofeeny27@webs.com,Bigender,91.252.89.3
81,Ciel,Bessent,cbessent28@cornell.edu,Female,68.0.168.170
82,Natka,Phelps,nphelps29@theglobeandmail.com,Female,113.77.125.23
83,Josephine,Seeborne,jseeborne2a@freewebs.com,Female,111.167.26.79
84,Will,Crammy,wcrammy2b@ning.com,Male,53.18.127.47
85,Mirelle,Fallows,mfallows2c@imdb.com,Female,9.127.27.200
86,Erinn,Budgen,ebudgen2d@about.me,Polygender,55.250.123.94
87,Kirby,Paszek,kpaszek2e@4shared.com,Male,233.221.26.185
88,Garold,Balaam,gbalaam2f@blogspot.com,Non-binary,85.114.39.193
89,Arlena,Ivons,aivons2g@usgs.gov,Female,146.36.97.57
90,Kamillah,Simoes,ksimoes2h@usda.gov,Female,40.92.62.189
91,Baxy,Hayden,bhayden2i@abc.net.au,Male,240.137.121.142
92,Romy,Wilkennson,rwilkennson2j@de.vu,Female,105.25.123.86
93,Ilaire,Crisp,icrisp2k@virginia.edu,Male,28.234.124.158
94,Erminie,Dalloway,edalloway2l@cdc.gov,Female,19.92.167.88
95,Daryn,Lucks,dlucks2m@csmonitor.com,Female,232.38.204.92
96,Grazia,Andrivot,gandrivot2n@360.cn,Female,177.193.210.111
97,Sonia,Size,ssize2o@over-blog.com,Female,238.217.226.134
98,Jermaine,Painswick,jpainswick2p@si.edu,Female,196.233.20.139
99,Obie,Ruslinge,oruslinge2q@aol.com,Male,54.193.35.104
100,Sergeant,Brownhill,sbrownhill2r@cnn.com,Male,170.123.189.97
101,Tove,Begbie,tbegbie2s@cbsnews.com,Female,107.199.18.3
102,Helaina,Petry,hpetry2t@dailymotion.com,Female,13.49.230.43
103,Clyve,Romeril,cromeril2u@reference.com,Male,191.125.3.116
104,Frederigo,Rozzell,frozzell2v@bbc.co.uk,Genderqueer,240.8.204.55
105,Justis,McClounan,jmcclounan2w@nationalgeographic.com,Male,244.55.45.103
106,Dyna,Arnaudet,darnaudet2x@umich.edu,Female,174.226.7.5
107,Minny,Pedwell,mpedwell2y@parallels.com,Female,15.43.215.32
108,Phillis,Godbold,pgodbold2z@last.fm,Female,37.173.93.162
109,Merrily,Livett,mlivett30@dell.com,Female,166.243.158.20
110,Gustav,Plumptre,gplumptre31@moonfruit.com,Male,9.53.119.29
111,Cobby,Chesley,cchesley32@webs.com,Male,44.41.19.244
112,Terry,Schubuser,tschubuser33@engadget.com,Male,236.198.67.141
113,Evyn,Saylor,esaylor34@mac.com,Polygender,134.76.236.134
114,Leah,Maxwell,lmaxwell35@cornell.edu,Female,236.67.250.65
115,Freemon,Crunkhorn,fcrunkhorn36@friendfeed.com,Male,77.183.58.8
116,Marcelle,Karpfen,mkarpfen37@economist.com,Female,23.125.66.27
117,Kermy,Carolan,kcarolan38@nydailynews.com,Male,198.186.4.47
118,Sandi,Comino,scomino39@nydailynews.com,Female,237.182.132.69
119,Wenda,Hadny,whadny3a@ibm.com,Female,5.115.174.107
120,Robinson,Wigginton,rwigginton3b@squarespace.com,Male,83.89.14.196
121,Timmy,Lesurf,tlesurf3c@pinterest.com,Male,146.30.237.91
122,Margie,Capineer,mcapineer3d@deliciousdays.com,Female,42.153.118.171
123,Jannelle,Folks,jfolks3e@ning.com,Female,35.17.211.71
124,Ferdy,Klain,fklain3f@ox.ac.uk,Male,21.105.101.142
125,Felecia,Corness,fcorness3g@state.gov,Female,5.132.3.28
126,Wake,Swindall,wswindall3h@house.gov,Male,241.162.156.28
127,Ardine,O'Garmen,aogarmen3i@mapquest.com,Female,125.246.145.133
128,Dorie,Habercham,dhabercham3j@cnn.com,Agender,55.216.231.195
129,Mandi,Petren,mpetren3k@netvibes.com,Agender,12.27.63.208
130,Suzy,Petts,spetts3l@eventbrite.com,Female,202.135.197.161
131,Erny,Rosenblad,erosenblad3m@seesaa.net,Male,221.215.210.182
132,Diannne,Tousy,dtousy3n@miitbeian.gov.cn,Female,165.234.85.195
133,Fabiano,Ankers,fankers3o@comsenz.com,Male,185.78.28.8
134,Donal,Jolley,djolley3p@dell.com,Male,142.123.20.103
135,Almeda,Szymonowicz,aszymonowicz3q@1688.com,Female,228.103.220.214
136,Klement,Tiuit,ktiuit3r@house.gov,Male,176.104.222.50
137,Mirna,Parell,mparell3s@behance.net,Female,146.98.90.118
138,Gary,Tinghill,gtinghill3t@admin.ch,Male,128.150.157.159
139,Estel,Lythgoe,elythgoe3u@phpbb.com,Female,1.115.124.126
140,Piggy,Minors,pminors3v@unesco.org,Male,171.247.189.203
141,Kerk,McQuaide,kmcquaide3w@mozilla.org,Male,235.247.153.96
142,Hussein,Pulver,hpulver3x@1und1.de,Male,245.182.118.244
143,Luigi,Liven,lliven3y@intel.com,Male,130.138.29.186
144,Leighton,Heinsius,lheinsius3z@eventbrite.com,Male,141.122.147.228
145,Sargent,Bramham,sbramham40@parallels.com,Male,88.58.42.199
146,Kristyn,Bremley,kbremley41@dmoz.org,Female,64.177.98.216
147,Eddie,Elcox,eelcox42@wsj.com,Male,141.209.203.70
148,Tate,Gooding,tgooding43@about.me,Female,71.68.142.193
149,Dori,Sherer,dsherer44@elegantthemes.com,Female,249.191.46.99
150,Dennison,Trank,dtrank45@samsung.com,Male,126.10.123.62
151,Arleyne,Loosley,aloosley46@blogs.com,Female,137.211.249.45
152,Dennie,Tuftin,dtuftin47@tmall.com,Genderfluid,0.206.153.218
153,Shoshanna,Balchen,sbalchen48@wordpress.org,Female,164.226.165.15
154,Inessa,Hestrop,ihestrop49@skyrock.com,Female,89.224.242.98
155,Nanette,Wagerfield,nwagerfield4a@ebay.co.uk,Female,199.52.235.86
156,Jeanelle,Vannuccinii,jvannuccinii4b@tuttocitta.it,Female,165.135.219.147
157,Hakim,Combes,hcombes4c@homestead.com,Male,77.24.225.64
158,Esther,Cambridge,ecambridge4d@webnode.com,Female,172.208.80.216
159,Isacco,McDavid,imcdavid4e@ameblo.jp,Male,188.110.222.193
160,Piper,Fairebrother,pfairebrother4f@apple.com,Female,123.150.88.104
161,Derry,Cummungs,dcummungs4g@delicious.com,Male,55.243.123.235
162,Dav,Servante,dservante4h@time.com,Male,218.196.49.46
163,Virge,Gino,vgino4i@tinyurl.com,Genderqueer,75.20.73.225
164,Hart,Chace,hchace4j@taobao.com,Male,200.67.79.5
165,Kippie,Hallgath,khallgath4k@dyndns.org,Non-binary,9.135.206.66
166,Granville,Marritt,gmarritt4l@csmonitor.com,Male,50.203.186.168
167,Oren,Armsby,oarmsby4m@chron.com,Male,36.22.125.51
168,Gabe,Brimley,gbrimley4n@opera.com,Male,24.157.15.184
169,Dredi,Thorndycraft,dthorndycraft4o@nature.com,Female,160.130.59.150
170,Maiga,Childs,mchilds4p@myspace.com,Female,23.154.79.150
171,Ramon,Thurston,rthurston4q@elpais.com,Male,51.27.54.151
172,Pryce,Lunck,plunck4r@microsoft.com,Male,186.147.212.74
173,Chickie,Berrick,cberrick4s@taobao.com,Male,104.120.224.103
174,Hillyer,O'Fairy,hofairy4t@icq.com,Male,57.108.206.92
175,Farleigh,Moncur,fmoncur4u@amazonaws.com,Male,181.151.195.24
176,Cornelia,Croyden,ccroyden4v@mit.edu,Female,4.118.24.235
177,Davide,Jentzsch,djentzsch4w@indiegogo.com,Male,122.144.35.122
178,Jacquelin,Quarmby,jquarmby4x@angelfire.com,Female,136.79.168.106
179,Lek,Eddie,leddie4y@hibu.com,Male,14.8.217.43
180,Rois,Mozzi,rmozzi4z@addthis.com,Female,115.243.211.127
181,Pavel,Calcut,pcalcut50@salon.com,Bigender,98.184.48.38
182,Kienan,Quade,kquade51@ed.gov,Polygender,12.115.129.16
183,Jorey,Brawson,jbrawson52@meetup.com,Female,33.164.123.197
184,Shela,Clowney,sclowney53@mashable.com,Female,94.71.219.183
185,Eba,Rubinchik,erubinchik54@shutterfly.com,Female,193.193.41.89
186,Nick,Studdard,nstuddard55@epa.gov,Male,179.114.158.220
187,Urbano,Stodit,ustodit56@tamu.edu,Male,70.177.193.124
188,Feodora,Kee,fkee57@yellowbook.com,Female,157.195.118.63
189,Helen-elizabeth,Wakeling,hwakeling58@sohu.com,Female,56.31.115.196
190,Thorn,Yakebowitch,tyakebowitch59@w3.org,Male,229.17.114.7
191,Libbie,Fedorchenko,lfedorchenko5a@stanford.edu,Female,88.77.123.104
192,Shermy,Bartoszewicz,sbartoszewicz5b@mayoclinic.com,Male,105.156.174.209
193,Franz,James,fjames5c@tumblr.com,Male,49.126.255.155
194,Regine,Boissier,rboissier5d@admin.ch,Female,27.39.64.235
195,Tybi,Riddell,triddell5e@admin.ch,Female,82.197.100.101
196,Ronni,Duffet,rduffet5f@google.ru,Female,23.139.84.40
197,Hillie,Paulisch,hpaulisch5g@ox.ac.uk,Male,118.123.191.223
198,Red,Salvage,rsalvage5h@kickstarter.com,Male,203.62.184.180
199,Audy,Pottage,apottage5i@soundcloud.com,Female,175.167.42.45
200,Morganica,Kareman,mkareman5j@tuttocitta.it,Female,225.120.78.168
201,Lesley,Riggoll,lriggoll5k@mozilla.com,Male,237.139.153.26
202,Virginie,Ivanenkov,vivanenkov5l@redcross.org,Female,33.229.223.134
203,Meir,Corington,mcorington5m@xinhuanet.com,Male,198.44.195.243
204,Bond,Jewel,bjewel5n@amazon.de,Male,232.126.7.217
205,Mary,Ginman,mginman5o@shinystat.com,Female,193.89.27.230
206,Jacquette,Bordessa,jbordessa5p@clickbank.net,Bigender,49.133.184.228
207,Hildagard,Dionisetto,hdionisetto5q@google.es,Female,173.65.109.133
208,Corrine,McNysche,cmcnysche5r@ifeng.com,Female,0.31.66.129
209,Em,Ballach,eballach5s@sakura.ne.jp,Female,95.239.123.234
210,Silvanus,Glitherow,sglitherow5t@jigsy.com,Male,36.215.253.247
211,Evanne,Puttan,eputtan5u@time.com,Female,80.153.156.9
212,Georgena,O'Hollegan,gohollegan5v@msu.edu,Female,211.155.102.68
213,Alastair,De Pietri,adepietri5w@shop-pro.jp,Male,3.64.150.191
214,Violet,Waberer,vwaberer5x@t.co,Female,55.41.138.37
215,Karylin,Blundel,kblundel5y@livejournal.com,Female,113.17.95.141
216,Neddy,Lindenblatt,nlindenblatt5z@arizona.edu,Male,207.248.205.65
217,Adorne,Tethacot,atethacot60@zimbio.com,Female,164.235.231.177
218,Laurie,Macieja,lmacieja61@tinypic.com,Male,248.120.177.67
219,Webster,Tejero,wtejero62@time.com,Male,22.71.53.228
220,Kathy,Primrose,kprimrose63@yelp.com,Female,19.65.20.128
221,Hurley,Pattenden,hpattenden64@geocities.jp,Male,2.42.43.43
222,Doll,Tregiddo,dtregiddo65@twitpic.com,Genderqueer,58.141.158.227
223,Abeu,Lautie,alautie66@yandex.ru,Male,249.23.103.243
224,Catriona,Forryan,cforryan67@princeton.edu,Female,49.250.75.121
225,Myron,MacPeake,mmacpeake68@fema.gov,Male,195.188.149.109
226,Willie,Dury,wdury69@oakley.com,Female,238.154.83.43
227,June,Fetherston,jfetherston6a@macromedia.com,Female,139.8.167.65
228,Lorianna,Grangier,lgrangier6b@sbwire.com,Female,125.185.92.67
229,Devonna,Palfreyman,dpalfreyman6c@1688.com,Female,156.99.248.250
230,Earl,Albro,ealbro6d@oakley.com,Male,184.49.124.178
231,Hedda,Belfitt,hbelfitt6e@nps.gov,Female,185.74.146.42
232,Toddie,Lukianov,tlukianov6f@vkontakte.ru,Non-binary,237.175.65.49
233,Pet,Jedrasik,pjedrasik6g@si.edu,Female,188.219.130.7
234,Coop,Limeburn,climeburn6h@cornell.edu,Genderqueer,46.26.33.58
235,Emmy,Penvarden,epenvarden6i@google.com.br,Female,155.200.187.75
236,Donnajean,Roakes,droakes6j@cyberchimps.com,Female,64.72.36.52
237,Petronilla,Maytom,pmaytom6k@engadget.com,Female,83.133.101.205
238,Camilla,Treharne,ctreharne6l@dropbox.com,Female,65.102.202.213
239,Regan,Vokins,rvokins6m@scientificamerican.com,Male,145.209.203.111
240,Myrtle,Byne,mbyne6n@fda.gov,Female,15.198.124.219
241,Averill,Hamlyn,ahamlyn6o@illinois.edu,Male,27.144.197.48
242,Bridgette,Linthead,blinthead6p@soup.io,Female,238.168.184.239
243,Min,Aitkin,maitkin6q@posterous.com,Female,118.217.193.12
244,Karoline,Ellison,kellison6r@psu.edu,Female,2.204.51.101
245,Donall,Twentyman,dtwentyman6s@ebay.com,Male,241.217.114.171
246,Marlie,Stuffins,mstuffins6t@un.org,Polygender,96.39.177.141
247,Darlleen,O'Hollegan,dohollegan6u@hao123.com,Female,192.37.86.132
248,Veronika,Hollyer,vhollyer6v@prweb.com,Non-binary,162.163.90.118
249,Silvanus,Eastway,seastway6w@cnbc.com,Male,149.81.205.152
250,Ina,Scurrey,iscurrey6x@spiegel.de,Female,241.181.105.159
251,Anderson,Shailer,ashailer6y@networksolutions.com,Male,105.79.190.200
252,Janetta,Baltzar,jbaltzar6z@sohu.com,Female,214.244.41.167
253,Dugald,Ethridge,dethridge70@yandex.ru,Male,212.125.52.7
254,Elisabeth,Pelling,epelling71@github.io,Female,220.52.161.29
255,Lorena,Bicker,lbicker72@google.com.au,Female,74.29.8.176
256,Emmye,Corden,ecorden73@soup.io,Female,84.151.133.227
257,Editha,McMaster,emcmaster74@sciencedirect.com,Female,198.176.49.194
258,Krysta,Hambly,khambly75@reference.com,Female,54.12.222.116
259,Monty,Oxenham,moxenham76@columbia.edu,Male,154.36.166.125
260,Abner,Velez,avelez77@cisco.com,Male,135.107.245.45
261,Janaye,Yanukhin,jyanukhin78@etsy.com,Genderfluid,61.253.71.110
262,Lonnard,Hollyer,lhollyer79@boston.com,Male,71.236.157.164
263,Bessie,Satterlee,bsatterlee7a@theglobeandmail.com,Genderfluid,196.125.129.66
264,Alvira,Janton,ajanton7b@mozilla.org,Female,172.51.245.183
265,Nicolais,Seeley,nseeley7c@weibo.com,Male,96.176.22.196
266,Aida,Mocher,amocher7d@blogger.com,Female,89.24.4.143
267,Ario,Melrose,amelrose7e@auda.org.au,Male,90.224.248.236
268,Garek,Crocken,gcrocken7f@woothemes.com,Male,74.85.192.6
269,Elberta,Ikringill,eikringill7g@jalbum.net,Female,207.42.242.23
270,Vinny,Huggon,vhuggon7h@liveinternet.ru,Female,110.151.166.120
271,Delly,Hamil,dhamil7i@java.com,Female,158.77.168.181
272,Chancey,Billingsley,cbillingsley7j@umich.edu,Male,90.95.191.74
273,Percival,Johnston,pjohnston7k@fotki.com,Male,61.60.135.221
274,Stefanie,Montfort,smontfort7l@economist.com,Female,105.151.224.49
275,Brunhilda,MacAlpine,bmacalpine7m@census.gov,Female,5.50.67.190
276,Maure,Stidson,mstidson7n@accuweather.com,Female,24.97.13.72
277,Adler,Abad,aabad7o@va.gov,Male,33.136.204.137
278,Hallsy,Erswell,herswell7p@squidoo.com,Male,201.64.173.142
279,Tera,Dandie,tdandie7q@foxnews.com,Genderqueer,26.139.79.218
280,Nils,Van Leijs,nvanleijs7r@cbc.ca,Male,156.56.147.156
281,Daphne,Matej,dmatej7s@ed.gov,Female,220.51.126.193
282,Dasi,Elsy,delsy7t@abc.net.au,Female,126.27.182.49
283,Marris,Cottis,mcottis7u@cargocollective.com,Female,99.95.2.178
284,Benton,Clandillon,bclandillon7v@icq.com,Male,43.220.121.194
285,Kaia,Diamant,kdiamant7w@vimeo.com,Female,199.4.214.76
286,Kellen,Saville,ksaville7x@surveymonkey.com,Female,49.43.9.173
287,Trix,Beenham,tbeenham7y@nyu.edu,Female,100.125.236.18
288,Parsifal,Crux,pcrux7z@printfriendly.com,Male,60.133.144.16
289,Bartholomeo,Fortoun,bfortoun80@yandex.ru,Male,177.171.185.73
290,Beverley,Tyce,btyce81@wufoo.com,Female,14.104.239.216
291,Ammamaria,Gurley,agurley82@yale.edu,Female,149.188.148.183
292,Tucker,Milvarnie,tmilvarnie83@discovery.com,Male,139.115.90.95
293,Roland,Fenelow,rfenelow84@tmall.com,Male,12.166.72.230
294,Bellanca,Yeowell,byeowell85@squidoo.com,Genderqueer,34.29.122.53
295,Suzann,Berling,sberling86@mediafire.com,Female,154.218.30.96
296,Whitby,Gittis,wgittis87@bandcamp.com,Male,245.155.90.14
297,Bendick,Jaslem,bjaslem88@multiply.com,Male,152.47.70.196
298,Barret,Redhead,bredhead89@tinyurl.com,Male,33.181.210.199
299,Chet,Endicott,cendicott8a@123-reg.co.uk,Male,66.247.19.73
300,Matty,Sterman,msterman8b@uol.com.br,Male,51.159.230.31
301,Bianca,Braz,bbraz8c@microsoft.com,Genderqueer,208.45.42.62
302,Karine,Lesor,klesor8d@yelp.com,Female,148.192.98.185
303,Erika,Giacovetti,egiacovetti8e@ihg.com,Female,83.254.57.194
304,Gertrudis,Theuss,gtheuss8f@gov.uk,Female,79.15.206.217
305,Patrizio,Mersey,pmersey8g@netlog.com,Male,29.185.122.196
306,Erv,Cobb,ecobb8h@cloudflare.com,Male,80.190.253.21
307,Sargent,Laimable,slaimable8i@google.ca,Male,208.88.54.32
308,Ramonda,MacCrosson,rmaccrosson8j@imdb.com,Female,65.144.173.182
309,Demetra,Fellgate,dfellgate8k@admin.ch,Female,38.61.18.122
310,Osbourn,McGebenay,omcgebenay8l@ibm.com,Male,8.183.113.181
311,Randell,Sollitt,rsollitt8m@bbb.org,Male,165.72.102.216
312,Erl,Mingaud,emingaud8n@loc.gov,Male,52.51.164.171
313,Steffane,Mintoff,smintoff8o@blinklist.com,Female,162.64.28.95
314,Genvieve,Sylvester,gsylvester8p@webmd.com,Female,134.86.112.35
315,Una,Crick,ucrick8q@goo.gl,Female,165.104.204.145
316,Irvin,Butler,ibutler8r@blinklist.com,Male,242.27.254.69
317,Ludwig,Starkie,lstarkie8s@aboutads.info,Male,202.155.30.224
318,Cynde,Sporner,csporner8t@nbcnews.com,Female,151.229.47.168
319,Edan,Klaessen,eklaessen8u@about.me,Male,175.76.250.91
320,Jenda,Sedworth,jsedworth8v@miibeian.gov.cn,Female,128.167.215.196
321,Gaspar,Sarchwell,gsarchwell8w@dyndns.org,Male,137.50.205.7
322,Brooks,Skeates,bskeates8x@google.com.br,Male,185.101.112.18
323,Seward,Hindes,shindes8y@shutterfly.com,Male,21.107.60.113
324,Eva,Gooley,egooley8z@accuweather.com,Female,28.54.45.37
325,Tedmund,Waadenburg,twaadenburg90@discovery.com,Male,60.77.92.38
326,Hilarius,Ravilious,hravilious91@people.com.cn,Male,230.129.85.119
327,Tammie,McTiernan,tmctiernan92@devhub.com,Male,42.89.172.32
328,Casey,Vondrach,cvondrach93@unblog.fr,Male,220.117.206.219
329,Mead,Hallett,mhallett94@newsvine.com,Male,245.107.158.141
330,Ebba,Jouanot,ejouanot95@whitehouse.gov,Female,162.28.234.225
331,Ogdan,O'Duane,ooduane96@163.com,Male,144.174.11.171
332,Vernen,Shimmin,vshimmin97@twitpic.com,Male,88.118.122.229
333,Alf,Anning,aanning98@google.cn,Male,144.242.157.171
334,Cally,Jeandot,cjeandot99@rakuten.co.jp,Female,62.144.40.82
335,Kalvin,Orchard,korchard9a@utexas.edu,Male,126.241.19.125
336,Irvine,Cana,icana9b@chicagotribune.com,Male,248.9.198.60
337,Sheelah,Wharfe,swharfe9c@soup.io,Female,83.189.87.37
338,Olympe,D'Ruel,odruel9d@paginegialle.it,Female,137.85.101.19
339,Sella,Caine,scaine9e@over-blog.com,Female,35.96.169.201
340,Friedrick,Darragon,fdarragon9f@pinterest.com,Male,99.203.250.151
341,Fredrick,McClements,fmcclements9g@godaddy.com,Male,228.87.190.190
342,Willie,Laimable,wlaimable9h@wsj.com,Female,137.247.241.50
343,Rhonda,Joseph,rjoseph9i@washingtonpost.com,Agender,154.228.134.58
344,Mandy,Stedmond,mstedmond9j@dedecms.com,Female,188.30.218.9
345,Nerita,Vayne,nvayne9k@wp.com,Genderfluid,48.104.5.233
346,Matt,Kilius,mkilius9l@blog.com,Male,79.111.79.228
347,Maddalena,Takos,mtakos9m@ehow.com,Female,15.195.24.211
348,Miltie,Ollet,mollet9n@scribd.com,Male,76.21.122.223
349,Rutherford,Robbs,rrobbs9o@ask.com,Male,4.82.133.40
350,Rosaleen,Munton,rmunton9p@cpanel.net,Female,92.216.12.72
351,Thibaut,Mandre,tmandre9q@infoseek.co.jp,Genderfluid,11.95.162.236
352,Filia,Heartfield,fheartfield9r@aol.com,Female,70.203.122.238
353,Danika,Chatelet,dchatelet9s@cbslocal.com,Female,173.93.57.131
354,Rochelle,Favel,rfavel9t@ebay.com,Female,156.172.244.202
355,Melvin,Drysdale,mdrysdale9u@example.com,Male,144.181.1.110
356,Glennis,Moorhead,gmoorhead9v@ihg.com,Female,71.247.171.126
357,Waylan,Agerskow,wagerskow9w@booking.com,Male,255.117.218.6
358,Eleen,O'Shevlin,eoshevlin9x@odnoklassniki.ru,Female,237.80.91.22
359,Barty,Volonte,bvolonte9y@phpbb.com,Male,204.113.72.67
360,Brigida,Rapo,brapo9z@tripod.com,Female,49.36.165.159
361,Yetty,Woodroofe,ywoodroofea0@google.pl,Female,130.93.82.232
362,Cherye,Avrahamof,cavrahamofa1@kickstarter.com,Female,194.72.211.239
363,Artie,Lyste,alystea2@taobao.com,Male,227.140.50.127
364,Fanni,Purdie,fpurdiea3@acquirethisname.com,Female,23.26.203.39
365,Egon,Norcliffe,enorcliffea4@diigo.com,Male,8.202.96.66
366,Virgie,Mougin,vmougina5@twitter.com,Female,191.142.108.164
367,Grant,Eisenberg,geisenberga6@plala.or.jp,Male,214.145.20.85
368,Lora,Bowdler,lbowdlera7@wiley.com,Female,121.213.85.149
369,Cchaddie,Kane,ckanea8@1und1.de,Male,39.50.223.248
370,Shanon,Smitherman,ssmithermana9@house.gov,Female,18.15.32.24
371,Royal,Eccles,recclesaa@weebly.com,Male,49.92.70.185
372,Dru,Booij,dbooijab@altervista.org,Female,80.162.200.251
373,Mara,Glencrash,mglencrashac@skyrock.com,Female,199.20.7.195
374,Kris,Parkman,kparkmanad@constantcontact.com,Male,183.193.65.17
375,Woody,Sterman,wstermanae@merriam-webster.com,Male,40.225.72.132
376,Selestina,Sibbald,ssibbaldaf@is.gd,Female,154.234.47.212
377,Leshia,Probart,lprobartag@amazon.co.jp,Female,134.206.37.158
378,Jsandye,Hudd,jhuddah@issuu.com,Female,231.237.225.47
379,Hedvige,Robion,hrobionai@toplist.cz,Agender,202.13.21.87
380,Freemon,Paulazzi,fpaulazziaj@chronoengine.com,Genderfluid,200.87.248.44
381,Aime,Kroin,akroinak@psu.edu,Female,249.188.234.77
382,Darby,Normanvill,dnormanvillal@washington.edu,Female,117.148.6.228
383,Elayne,Bleazard,ebleazardam@hc360.com,Female,2.127.162.217
384,Maggi,Kaming,mkamingan@1und1.de,Female,159.104.60.128
385,Olive,Wetherell,owetherellao@uiuc.edu,Female,8.37.200.242
386,Halie,Rearden,hreardenap@baidu.com,Female,223.51.79.94
387,Leola,Shermore,lshermoreaq@independent.co.uk,Female,232.210.113.218
388,Georgetta,Pafford,gpaffordar@mtv.com,Female,162.95.19.122
389,Amalita,McCoughan,amccoughanas@constantcontact.com,Female,153.216.218.21
390,Urbanus,Barcroft,ubarcroftat@networkadvertising.org,Male,40.71.98.57
391,Tricia,Goldsby,tgoldsbyau@geocities.jp,Female,155.29.5.101
392,Dorrie,Duigan,dduiganav@live.com,Female,51.215.164.31
393,Rozele,Ceschelli,rceschelliaw@homestead.com,Female,175.63.127.160
394,Nathalie,Symmers,nsymmersax@chronoengine.com,Female,240.193.18.59
395,Velma,Hadcroft,vhadcroftay@flickr.com,Female,247.74.193.76
396,Stacie,Wardhaw,swardhawaz@baidu.com,Female,55.245.233.0
397,Arie,Armytage,aarmytageb0@mayoclinic.com,Male,160.175.163.10
398,Kenn,Ladon,kladonb1@ihg.com,Male,246.103.118.28
399,Lloyd,Lay,llayb2@usgs.gov,Bigender,226.179.187.5
400,Stevena,Eakeley,seakeleyb3@multiply.com,Female,98.195.12.152
401,Joey,O'Connell,joconnellb4@blogs.com,Genderqueer,220.201.3.252
402,Rodrique,Izsak,rizsakb5@census.gov,Male,182.102.91.62
403,Vernen,Shorto,vshortob6@wisc.edu,Genderfluid,241.187.10.206
404,Farlee,Penvarden,fpenvardenb7@deliciousdays.com,Non-binary,245.208.6.141
405,Rhys,Offell,roffellb8@ed.gov,Male,74.253.11.155
406,Mel,Killock,mkillockb9@zdnet.com,Male,211.179.87.248
407,Britt,Bennallck,bbennallckba@ezinearticles.com,Female,145.75.17.77
408,Caitlin,Moran,cmoranbb@unicef.org,Female,67.95.180.149
409,Felicdad,Poser,fposerbc@arstechnica.com,Female,204.218.152.94
410,Tate,Hastie,thastiebd@github.com,Female,60.65.103.207
411,Putnam,Pattesall,ppattesallbe@ameblo.jp,Male,145.126.148.220
412,Cecile,Shewry,cshewrybf@ucoz.ru,Female,52.181.190.27
413,Lelia,Groome,lgroomebg@usatoday.com,Female,17.226.14.119
414,Rivkah,Seals,rsealsbh@bloglovin.com,Non-binary,18.75.80.183
415,Paulie,Piscotti,ppiscottibi@reference.com,Male,203.140.8.52
416,Xaviera,Heynel,xheynelbj@latimes.com,Female,132.48.207.49
417,Rurik,Davidde,rdaviddebk@ask.com,Male,57.232.123.65
418,Tillie,Pigden,tpigdenbl@acquirethisname.com,Female,190.128.121.123
419,Sandra,O'Sherrin,sosherrinbm@google.com,Female,160.119.222.96
420,Guglielmo,Emby,gembybn@newyorker.com,Agender,104.161.200.37
421,Hart,Crafts,hcraftsbo@wsj.com,Agender,59.7.242.86
422,Rafaelita,Packwood,rpackwoodbp@timesonline.co.uk,Female,125.44.94.69
423,Bert,Murrow,bmurrowbq@google.de,Male,159.48.38.154
424,Nichole,Galey,ngaleybr@scientificamerican.com,Male,192.100.111.138
425,Tamarah,Orange,torangebs@si.edu,Female,10.5.230.200
426,May,Tinson,mtinsonbt@feedburner.com,Female,228.148.187.211
427,Ham,Jephson,hjephsonbu@amazonaws.com,Male,53.74.102.213
428,Colman,MacCague,cmaccaguebv@japanpost.jp,Male,53.22.136.155
429,Tamarra,Rickerby,trickerbybw@t-online.de,Female,31.40.70.148
430,Marget,Meany,mmeanybx@prnewswire.com,Female,102.214.13.100
431,Beniamino,Setchell,bsetchellby@harvard.edu,Male,42.5.206.74
432,Emilie,Brixey,ebrixeybz@unblog.fr,Female,86.8.179.178
433,Mose,Korneichuk,mkorneichukc0@free.fr,Male,121.192.70.155
434,Rikki,Gauch,rgauchc1@yale.edu,Female,92.204.126.7
435,Eleen,Gascard,egascardc2@noaa.gov,Female,48.177.4.240
436,Garald,Paulisch,gpaulischc3@booking.com,Male,15.150.49.186
437,Shirley,Scading,sscadingc4@i2i.jp,Female,62.110.253.15
438,Saunder,Smitherman,ssmithermanc5@hc360.com,Male,99.222.72.161
439,Kirstyn,Mullord,kmullordc6@spiegel.de,Female,216.237.118.166
440,Jana,Saltmarshe,jsaltmarshec7@cafepress.com,Female,64.30.3.193
441,Barnie,Kernan,bkernanc8@go.com,Male,5.102.149.71
442,Hewie,Theis,htheisc9@ehow.com,Male,102.75.182.167
443,Petronilla,Maty,pmatyca@people.com.cn,Female,229.74.21.137
444,Ebba,Carrington,ecarringtoncb@edublogs.org,Female,180.105.159.203
445,Zoe,Coulsen,zcoulsencc@linkedin.com,Female,177.216.53.175
446,Reta,Blakemore,rblakemorecd@prnewswire.com,Female,129.34.113.59
447,Bartel,Bednall,bbednallce@hubpages.com,Male,215.10.131.62
448,Corrine,Peye,cpeyecf@tripod.com,Female,147.28.16.0
449,Sol,Akess,sakesscg@sun.com,Male,224.214.72.98
450,Nessa,Philippard,nphilippardch@walmart.com,Female,61.126.28.62
451,Alfredo,Domonkos,adomonkosci@ebay.co.uk,Male,102.219.42.214
452,Karol,Elcombe,kelcombecj@xing.com,Female,187.3.131.131
453,Bjorn,Dilland,bdillandck@ycombinator.com,Male,72.17.61.43
454,Lezlie,Siddens,lsiddenscl@cornell.edu,Female,202.170.248.40
455,Fayth,Basketfield,fbasketfieldcm@marriott.com,Non-binary,82.95.95.85
456,Kerry,Ledward,kledwardcn@bloglovin.com,Female,25.136.146.146
457,Meggi,Kilbourn,mkilbournco@ocn.ne.jp,Female,16.209.26.162
458,Donnie,Mablestone,dmablestonecp@qq.com,Female,237.180.131.29
459,Betty,Jaynes,bjaynescq@privacy.gov.au,Female,155.206.70.192
460,Cullin,Mullen,cmullencr@theatlantic.com,Male,2.185.103.230
461,Arlan,Dillimore,adillimorecs@theguardian.com,Male,121.244.252.187
462,Cynthy,Grzes,cgrzesct@theatlantic.com,Female,82.0.12.105
463,Gregorio,Trevain,gtrevaincu@forbes.com,Male,144.49.129.188
464,Skip,Hinchshaw,shinchshawcv@arizona.edu,Male,18.229.132.25
465,Kip,Tysall,ktysallcw@hubpages.com,Genderqueer,251.237.86.7
466,Amil,Ribou,ariboucx@seesaa.net,Female,39.206.104.111
467,Blanch,Nary,bnarycy@eventbrite.com,Female,246.32.4.143
468,Mirella,Vinick,mvinickcz@sciencedirect.com,Female,203.67.104.152
469,Cthrine,Perott,cperottd0@blinklist.com,Female,127.247.32.206
470,Garvey,Cowburn,gcowburnd1@fastcompany.com,Male,215.80.113.245
471,Raleigh,Madgin,rmadgind2@php.net,Male,127.141.69.36
472,Sylas,Chese,schesed3@chronoengine.com,Male,163.108.135.114
473,Kanya,Buckner,kbucknerd4@columbia.edu,Female,134.57.203.246
474,Stacia,Coker,scokerd5@multiply.com,Female,232.111.213.226
475,Susi,MacNeely,smacneelyd6@stumbleupon.com,Female,43.68.25.161
476,Sigmund,Lyes,slyesd7@un.org,Male,54.55.145.87
477,Fannie,de Juares,fdejuaresd8@chronoengine.com,Female,195.232.194.210
478,Brana,Carman,bcarmand9@state.gov,Bigender,229.177.244.38
479,Rabi,De Mitri,rdemitrida@google.ru,Male,8.37.182.86
480,Jessamine,Frissell,jfrisselldb@dropbox.com,Female,25.74.31.78
481,Chancey,Thicking,cthickingdc@hud.gov,Male,237.74.97.182
482,Calypso,Posen,cposendd@ft.com,Female,25.75.52.37
483,Sue,Saveall,ssaveallde@archive.org,Female,166.5.55.8
484,Garnette,Stollberg,gstollbergdf@opera.com,Female,248.180.1.1
485,Allegra,Seamons,aseamonsdg@wunderground.com,Female,55.73.238.1
486,Huberto,Rookwell,hrookwelldh@sogou.com,Male,158.194.65.186
487,Glennis,Hunn,ghunndi@youtu.be,Female,208.233.29.112
488,Ruthann,Chaffen,rchaffendj@businessinsider.com,Female,91.226.140.12
489,Boycey,Brauner,bbraunerdk@php.net,Male,160.142.169.50
490,Zack,Pickthorn,zpickthorndl@baidu.com,Male,87.87.70.208
491,Morie,Wais,mwaisdm@cnet.com,Male,165.7.41.36
492,Bernete,Grandham,bgrandhamdn@infoseek.co.jp,Female,131.107.47.197
493,Madeline,Aleksandrov,maleksandrovdo@tumblr.com,Female,123.144.38.122
494,Hyacinth,Helsby,hhelsbydp@xing.com,Genderqueer,28.70.84.33
495,Willette,Moreside,wmoresidedq@domainmarket.com,Female,166.60.86.75
496,Conni,Yorke,cyorkedr@networksolutions.com,Female,91.38.164.109
497,Hamlen,Azema,hazemads@blogs.com,Male,222.136.157.50
498,Claribel,Kenway,ckenwaydt@tripadvisor.com,Female,18.142.218.73
499,Anni,Stonary,astonarydu@xing.com,Genderqueer,223.220.128.35
500,Carl,Tingle,ctingledv@theatlantic.com,Male,238.160.42.46
501,Noll,Durward,ndurwarddw@cornell.edu,Male,6.238.186.137
502,Saundra,Christofe,schristofedx@symantec.com,Female,109.2.109.203
503,Anson,Burlingham,aburlinghamdy@is.gd,Male,197.75.99.164
504,Margaux,Paddle,mpaddledz@nature.com,Genderqueer,112.169.249.150
505,Estevan,Anscott,eanscotte0@barnesandnoble.com,Male,53.196.192.224
506,Daisie,Sagerson,dsagersone1@paginegialle.it,Female,81.63.5.52
507,Jeremy,Agg,jagge2@free.fr,Male,32.220.101.137
508,Barbaraanne,Vennings,bvenningse3@aol.com,Female,235.117.71.22
509,Mario,Grocutt,mgrocutte4@studiopress.com,Male,199.26.66.157
510,Leonora,Climson,lclimsone5@amazon.co.uk,Female,69.42.113.11
511,Liam,McCraw,lmccrawe6@topsy.com,Male,137.14.80.86
512,Tomaso,Dutch,tdutche7@scientificamerican.com,Male,40.165.202.99
513,Jarrod,Metheringham,jmetheringhame8@virginia.edu,Male,26.28.19.87
514,Trisha,Tice,tticee9@shareasale.com,Female,152.226.70.80
515,Letty,Oliva,lolivaea@tuttocitta.it,Female,51.13.190.122
516,Timmy,Auchinleck,tauchinleckeb@plala.or.jp,Bigender,251.71.255.217
517,Catharine,Hollyman,chollymanec@senate.gov,Female,132.101.55.94
518,Jeannine,Froude,jfroudeed@statcounter.com,Female,32.250.230.139
519,Jessie,Abilowitz,jabilowitzee@nhs.uk,Male,71.34.205.114
520,Harmonie,Nobriga,hnobrigaef@odnoklassniki.ru,Female,81.186.150.9
521,Jeffry,Greystoke,jgreystokeeg@army.mil,Male,102.96.166.200
522,Jock,Burberry,jburberryeh@springer.com,Male,222.155.29.178
523,Daryl,Mugg,dmuggei@reuters.com,Female,40.251.121.204
524,Prescott,Boatman,pboatmanej@nasa.gov,Male,74.175.114.142
525,Holli,Rosedale,hrosedaleek@sitemeter.com,Female,107.141.27.64
526,Fredrika,Dawidowicz,fdawidowiczel@sakura.ne.jp,Female,175.105.121.94
527,Christen,Kilbane,ckilbaneem@dyndns.org,Female,171.233.63.192
528,Meaghan,Eagleston,meaglestonen@dell.com,Female,0.133.1.152
529,Tabor,Trahmel,ttrahmeleo@ycombinator.com,Male,127.113.105.199
530,Tracie,Sare,tsareep@europa.eu,Male,134.245.32.240
531,Jaquenette,Rivaland,jrivalandeq@wp.com,Female,212.109.180.228
532,Hatty,Castellet,hcastelleter@amazonaws.com,Female,127.249.83.241
533,Nathanael,MacGebenay,nmacgebenayes@ow.ly,Agender,211.12.102.118
534,Kerrie,Glyde,kglydeet@un.org,Female,26.147.107.252
535,Sherie,Clash,sclasheu@epa.gov,Female,33.219.235.220
536,Melita,Garrison,mgarrisonev@sun.com,Female,97.217.209.115
537,Tildie,Kliemke,tkliemkeew@soup.io,Female,3.83.84.156
538,Heath,Gorner,hgornerex@mail.ru,Genderfluid,88.210.186.228
539,Renaud,Croughan,rcroughaney@gmpg.org,Male,143.14.221.58
540,Amber,Croyser,acroyserez@hao123.com,Genderqueer,119.251.41.240
541,Caitlin,Guilaem,cguilaemf0@gnu.org,Female,27.210.190.208
542,Chance,Kleimt,ckleimtf1@imgur.com,Male,5.81.209.228
543,Amata,Kasperski,akasperskif2@ftc.gov,Female,71.206.236.140
544,Leeanne,Whoolehan,lwhoolehanf3@163.com,Female,113.16.199.123
545,Stace,Inch,sinchf4@sciencedirect.com,Female,27.174.52.244
546,Kizzie,Mattiazzi,kmattiazzif5@goodreads.com,Female,30.209.222.204
547,Sophi,Swinerd,sswinerdf6@flavors.me,Female,82.252.149.84
548,Nikkie,Smith,nsmithf7@comcast.net,Female,38.156.46.30
549,Dario,Seivwright,dseivwrightf8@dropbox.com,Male,110.215.77.173
550,Garrard,Chetwin,gchetwinf9@fema.gov,Male,154.97.36.181
551,Ase,O' Liddy,aoliddyfa@slideshare.net,Male,30.52.146.118
552,Rinaldo,Parry,rparryfb@hao123.com,Male,94.28.244.62
553,Korie,Senussi,ksenussifc@soup.io,Female,173.225.215.132
554,Kent,Neal,knealfd@baidu.com,Male,15.75.27.224
555,Morten,Inkin,minkinfe@wikispaces.com,Male,147.17.140.165
556,King,Mettricke,kmettrickeff@is.gd,Male,20.30.171.130
557,Elayne,Bilsland,ebilslandfg@google.it,Female,34.175.182.4
558,Boycey,Cuddy,bcuddyfh@google.com.br,Male,121.214.169.45
559,Perren,Sawers,psawersfi@dell.com,Male,109.243.77.85
560,Mallory,Earie,meariefj@statcounter.com,Male,115.150.120.188
561,Urbanus,Woolfenden,uwoolfendenfk@sbwire.com,Male,100.95.253.206
562,Astra,Courteney,acourteneyfl@businesswire.com,Female,211.180.83.108
563,Byron,Kennagh,bkennaghfm@jimdo.com,Male,230.6.207.62
564,Alika,Itzkovich,aitzkovichfn@google.com,Female,29.216.221.41
565,Mohandas,Starbuck,mstarbuckfo@netscape.com,Male,41.130.205.242
566,Henderson,Glanester,hglanesterfp@webs.com,Male,197.185.223.147
567,Pietrek,Aharoni,paharonifq@sciencedaily.com,Male,21.100.138.54
568,Farris,Cozby,fcozbyfr@naver.com,Male,6.150.2.255
569,Torey,Kember,tkemberfs@odnoklassniki.ru,Polygender,6.253.247.211
570,Ethan,Humber,ehumberft@apple.com,Male,82.182.172.244
571,Lorry,Althrop,lalthropfu@reverbnation.com,Male,30.76.218.8
572,Leonelle,Grcic,lgrcicfv@people.com.cn,Female,135.181.120.197
573,Cello,Mallock,cmallockfw@yale.edu,Genderfluid,13.199.87.162
574,Rhodia,Riguard,rriguardfx@gmpg.org,Female,227.161.141.214
575,Madelle,Horsey,mhorseyfy@last.fm,Female,209.92.220.125
576,Rayshell,Shelsher,rshelsherfz@toplist.cz,Female,157.174.69.183
577,Laurel,Brechin,lbreching0@myspace.com,Female,149.206.51.67
578,Kirby,Panswick,kpanswickg1@example.com,Female,140.174.130.126
579,Conan,Ciobotaru,cciobotarug2@scribd.com,Male,239.198.161.198
580,Elissa,Bonas,ebonasg3@mlb.com,Female,244.98.99.104
581,Ferris,Kauble,fkaubleg4@studiopress.com,Male,27.157.221.203
582,Eugine,Palin,epaling5@domainmarket.com,Female,13.239.187.97
583,Normand,Flescher,nflescherg6@merriam-webster.com,Male,125.241.225.7
584,Chad,Taggett,ctaggettg7@barnesandnoble.com,Polygender,87.181.79.15
585,Kariotta,Mardee,kmardeeg8@toplist.cz,Female,231.177.111.73
586,Mersey,Kneath,mkneathg9@flickr.com,Female,117.225.238.239
587,Land,Greenan,lgreenanga@weather.com,Male,129.148.199.246
588,Filberto,Krahl,fkrahlgb@skype.com,Male,102.73.231.99
589,Vivien,Sprigings,vsprigingsgc@soundcloud.com,Female,7.110.113.54
590,Valenka,Magwood,vmagwoodgd@slate.com,Female,163.199.249.170
591,Walther,Becom,wbecomge@webmd.com,Male,30.104.107.201
592,Maddalena,Rahl,mrahlgf@economist.com,Female,215.164.193.78
593,Robinson,MacCarter,rmaccartergg@virginia.edu,Male,19.254.125.216
594,Amy,Elvidge,aelvidgegh@latimes.com,Agender,29.145.75.25
595,Ricky,Krale,rkralegi@arstechnica.com,Female,40.16.182.232
596,Pauly,Cream,pcreamgj@free.fr,Male,210.198.63.52
597,Kendra,Twentyman,ktwentymangk@youku.com,Female,204.237.153.195
598,Hadrian,Albrooke,halbrookegl@list-manage.com,Male,214.202.155.193
599,Dione,Dillingston,ddillingstongm@gov.uk,Female,60.21.69.210
600,Billy,Minchindon,bminchindongn@themeforest.net,Male,7.41.127.145
601,Willetta,Swales,wswalesgo@cnbc.com,Female,252.169.179.153
602,Reg,Franey,rfraneygp@wisc.edu,Male,162.234.194.217
603,Dietrich,Challener,dchallenergq@rakuten.co.jp,Male,14.229.12.209
604,Gwen,Blackstock,gblackstockgr@reuters.com,Female,255.80.174.129
605,Minni,Dana,mdanags@google.co.uk,Female,34.207.242.33
606,Shela,Giocannoni,sgiocannonigt@gizmodo.com,Female,249.39.120.112
607,Del,Tithacott,dtithacottgu@webmd.com,Female,116.71.242.166
608,Elliot,Briars,ebriarsgv@nature.com,Male,193.74.78.76
609,Sofia,Merrell,smerrellgw@engadget.com,Female,246.222.115.133
610,Nanny,Mattersey,nmatterseygx@house.gov,Non-binary,108.114.113.23
611,Zena,Stoffers,zstoffersgy@shutterfly.com,Female,24.217.44.238
612,Delia,Sunderland,dsunderlandgz@cargocollective.com,Female,151.74.118.244
613,Hillary,Rhelton,hrheltonh0@newsvine.com,Female,178.225.134.188
614,Ettie,Foresight,eforesighth1@skype.com,Female,189.22.174.7
615,Celestyna,Ansty,canstyh2@mtv.com,Female,253.69.240.27
616,Grange,O'Heyne,goheyneh3@deliciousdays.com,Male,118.19.181.105
617,Gunar,Pedler,gpedlerh4@nature.com,Male,170.54.235.32
618,Ravid,Ault,raulth5@sakura.ne.jp,Male,211.69.82.179
619,Peri,Anthoin,panthoinh6@creativecommons.org,Female,23.244.29.70
620,Layton,Loughnan,lloughnanh7@nsw.gov.au,Male,148.143.117.181
621,Terry,Ubanks,tubanksh8@mysql.com,Male,131.217.45.102
622,Abey,Larking,alarkingh9@example.com,Male,111.246.175.127
623,Ilaire,Myerscough,imyerscoughha@theatlantic.com,Male,147.200.49.31
624,Bernard,Thomason,bthomasonhb@arstechnica.com,Male,226.9.238.104
625,Krissie,Meachan,kmeachanhc@nytimes.com,Female,138.162.53.101
626,Redd,Kobieriecki,rkobierieckihd@msu.edu,Male,216.183.199.54
627,Alden,Lack,alackhe@walmart.com,Male,128.72.224.62
628,Horace,Sugarman,hsugarmanhf@tinyurl.com,Male,59.192.36.141
629,Tommie,Furphy,tfurphyhg@ed.gov,Male,189.7.234.36
630,Abbott,Airey,aaireyhh@economist.com,Male,204.196.184.215
631,Ossie,Clawsley,oclawsleyhi@umich.edu,Male,147.226.173.12
632,Cassy,Peacey,cpeaceyhj@ehow.com,Female,142.29.114.179
633,Delora,Ginsie,dginsiehk@sogou.com,Female,5.179.17.241
634,Davy,Dulanty,ddulantyhl@unc.edu,Male,139.82.203.169
635,Staci,Dugood,sdugoodhm@house.gov,Female,172.100.192.166
636,Liz,Bisley,lbisleyhn@google.es,Female,97.83.50.116
637,Valentine,Oxford,voxfordho@pinterest.com,Male,125.36.198.45
638,Galvin,Sapp,gsapphp@photobucket.com,Male,188.117.244.131
639,Annissa,Kobpac,akobpachq@ibm.com,Female,190.119.175.175
640,Omero,Popley,opopleyhr@cnn.com,Male,240.92.54.95
641,Danyelle,Dawley,ddawleyhs@home.pl,Female,238.111.152.151
642,Cristal,Rubert,crubertht@yahoo.co.jp,Female,247.102.32.26
643,Reagen,Quincee,rquinceehu@salon.com,Male,178.104.240.45
644,Noel,Cahani,ncahanihv@google.cn,Female,91.204.26.63
645,Nicola,Slayford,nslayfordhw@mapquest.com,Male,187.226.106.4
646,Witty,Lafuente,wlafuentehx@studiopress.com,Male,91.145.188.249
647,Danny,Plaxton,dplaxtonhy@miibeian.gov.cn,Male,130.198.180.24
648,Jervis,Goodsell,jgoodsellhz@free.fr,Male,188.77.198.42
649,Dag,Cana,dcanai0@storify.com,Male,153.68.88.32
650,Lyndel,Pulver,lpulveri1@answers.com,Female,115.244.131.144
651,Dreddy,Soule,dsoulei2@hhs.gov,Female,152.126.206.187
652,Drona,Crackel,dcrackeli3@drupal.org,Female,134.254.83.242
653,Dena,Willatt,dwillatti4@europa.eu,Female,87.6.80.59
654,Ruprecht,Franzke,rfranzkei5@japanpost.jp,Male,63.177.97.113
655,Nicola,Cockrell,ncockrelli6@umich.edu,Female,7.24.32.65
656,Bret,MacAlroy,bmacalroyi7@vimeo.com,Male,18.4.122.138
657,Willow,Attle,wattlei8@bluehost.com,Female,42.118.84.179
658,Molli,Rustedge,mrustedgei9@wisc.edu,Female,37.144.249.96
659,Welsh,Wigsell,wwigsellia@msn.com,Male,23.174.247.18
660,Jennifer,Begin,jbeginib@cdbaby.com,Female,147.198.58.199
661,Hillary,Kirsch,hkirschic@java.com,Male,196.73.172.199
662,Osbert,Hearnshaw,ohearnshawid@constantcontact.com,Male,210.61.157.78
663,Noelani,Crone,ncroneie@craigslist.org,Female,74.144.61.106
664,May,Sammon,msammonif@godaddy.com,Female,145.172.105.64
665,Reece,Sturr,rsturrig@clickbank.net,Male,190.242.147.99
666,Janeta,Whyteman,jwhytemanih@posterous.com,Female,52.103.216.220
667,Hyman,Athey,hatheyii@indiegogo.com,Genderfluid,230.188.196.74
668,Rosamond,Heinke,rheinkeij@wunderground.com,Female,9.17.48.57
669,Vidovik,Mill,vmillik@wikipedia.org,Agender,35.111.83.24
670,Leonidas,Worwood,lworwoodil@apple.com,Male,217.159.61.22
671,Rick,Triebner,rtriebnerim@merriam-webster.com,Male,194.228.40.208
672,Rosabel,McCotter,rmccotterin@diigo.com,Female,34.237.15.169
673,Betta,Middlewick,bmiddlewickio@google.nl,Female,200.231.138.181
674,Angil,Andriss,aandrissip@bbc.co.uk,Female,84.186.38.124
675,Verla,Wrefford,vwreffordiq@weebly.com,Female,183.225.69.180
676,Kristopher,Piell,kpiellir@tripadvisor.com,Male,199.185.240.90
677,Arty,Welling,awellingis@china.com.cn,Genderfluid,188.191.28.220
678,Abramo,Gresham,agreshamit@g.co,Male,136.59.145.108
679,Miquela,Behan,mbehaniu@narod.ru,Female,56.59.186.227
680,Timmie,Preston,tprestoniv@nydailynews.com,Female,66.255.2.51
681,Karola,Danahar,kdanahariw@rambler.ru,Female,49.210.250.161
682,Merrick,Parradine,mparradineix@dailymail.co.uk,Male,229.20.42.232
683,Waite,Baughn,wbaughniy@wp.com,Male,182.87.135.45
684,Riley,Longland,rlonglandiz@chicagotribune.com,Male,254.48.216.73
685,Livy,Boss,lbossj0@imgur.com,Female,97.118.38.235
686,Brigham,Hayselden,bhayseldenj1@wp.com,Male,24.43.89.110
687,Jess,Hagerty,jhagertyj2@myspace.com,Male,204.103.23.12
688,Lindsey,Potier,lpotierj3@businessinsider.com,Male,233.106.46.95
689,Meredeth,Machan,mmachanj4@amazon.co.uk,Male,250.87.24.151
690,Rafferty,Itzig,ritzigj5@nba.com,Male,0.14.4.185
691,Marcos,Etchell,metchellj6@statcounter.com,Male,19.106.90.239
692,Sherline,Camilletti,scamillettij7@seattletimes.com,Bigender,221.18.250.28
693,Damien,Gantlett,dgantlettj8@reverbnation.com,Non-binary,236.81.197.153
694,Celestina,Karsh,ckarshj9@woothemes.com,Female,137.27.38.2
695,Dwain,Yardy,dyardyja@illinois.edu,Male,133.2.32.205
696,Kelly,Toffel,ktoffeljb@mlb.com,Male,191.106.226.23
697,Gerhardine,Sweetzer,gsweetzerjc@goo.gl,Female,4.51.177.231
698,Gabriel,Pittet,gpittetjd@admin.ch,Female,69.140.150.190
699,Ivette,Prettyman,iprettymanje@state.gov,Female,192.114.104.157
700,Eleonore,Vobes,evobesjf@com.com,Female,25.162.232.168
701,Teddi,Garber,tgarberjg@salon.com,Female,66.81.129.147
702,Farr,Allibone,fallibonejh@google.it,Male,27.62.49.132
703,Terry,Frawley,tfrawleyji@ocn.ne.jp,Female,244.109.110.78
704,Imogen,Kingsnod,ikingsnodjj@tripadvisor.com,Female,192.157.80.74
705,Judye,Balmer,jbalmerjk@bbb.org,Female,254.201.252.216
706,Ethe,Critchell,ecritchelljl@imageshack.us,Male,116.125.174.12
707,Steven,Ianson,siansonjm@ask.com,Male,184.165.6.97
708,Lynn,Cowterd,lcowterdjn@netscape.com,Genderfluid,147.90.17.176
709,Ricky,Benettini,rbenettinijo@1und1.de,Male,201.198.40.104
710,Ambrosius,Trahar,atraharjp@wisc.edu,Male,79.173.119.159
711,Josy,Weatherdon,jweatherdonjq@upenn.edu,Female,127.73.106.165
712,Codie,Buchanan,cbuchananjr@geocities.com,Female,128.203.190.39
713,Mitchel,Daviot,mdaviotjs@marketwatch.com,Male,152.6.197.228
714,Wakefield,Brodie,wbrodiejt@dailymotion.com,Male,248.111.221.80
715,Bennie,Jorden,bjordenju@paginegialle.it,Female,169.91.146.84
716,Elbertine,Feirn,efeirnjv@state.gov,Female,132.208.30.196
717,Monty,Mackro,mmackrojw@t-online.de,Male,64.51.118.215
718,Mannie,Segar,msegarjx@printfriendly.com,Male,5.149.107.121
719,Tracee,Lightning,tlightningjy@europa.eu,Female,85.74.186.11
720,Rebeka,Wakelin,rwakelinjz@creativecommons.org,Female,159.17.231.13
721,Brandyn,Garvagh,bgarvaghk0@4shared.com,Male,191.150.33.253
722,Cornall,Jeannesson,cjeannessonk1@admin.ch,Male,220.203.16.189
723,Romain,Shaughnessy,rshaughnessyk2@godaddy.com,Male,143.245.89.113
724,Antonin,Bramsom,abramsomk3@myspace.com,Male,128.215.58.67
725,Fionna,Hedau,fhedauk4@ezinearticles.com,Female,137.244.57.224
726,Costa,Divers,cdiversk5@multiply.com,Polygender,235.170.224.252
727,Garald,Smoth,gsmothk6@paginegialle.it,Male,129.28.53.15
728,Anthe,Sage,asagek7@upenn.edu,Female,25.181.43.196
729,Torin,Gurling,tgurlingk8@theguardian.com,Male,24.118.197.99
730,Smitty,Revett,srevettk9@jiathis.com,Male,47.188.233.208
731,Emanuel,Willbourne,ewillbourneka@webs.com,Polygender,133.238.222.178
732,Carmel,Minchell,cminchellkb@cocolog-nifty.com,Genderqueer,245.73.29.30
733,Brand,Chrystie,bchrystiekc@indiatimes.com,Male,188.192.45.134
734,Dora,Ollivier,dollivierkd@bravesites.com,Female,21.196.100.1
735,Roseanna,Blasdale,rblasdaleke@studiopress.com,Bigender,36.117.82.130
736,Romona,Standish,rstandishkf@reverbnation.com,Polygender,37.137.50.250
737,Anastassia,Curphey,acurpheykg@networkadvertising.org,Female,216.206.247.39
738,Gamaliel,Vanezis,gvaneziskh@wikia.com,Agender,163.211.192.90
739,Brett,Quinane,bquinaneki@dailymail.co.uk,Female,119.234.152.175
740,Marlow,Insoll,minsollkj@nytimes.com,Male,3.92.252.224
741,Pamella,Crumbie,pcrumbiekk@vk.com,Female,87.205.178.211
742,Timmi,Franzetti,tfranzettikl@msu.edu,Genderfluid,94.46.240.75
743,Opalina,Tuminini,otumininikm@yandex.ru,Female,243.126.198.77
744,Aurie,Symcoxe,asymcoxekn@blogtalkradio.com,Female,15.83.100.214
745,Imogene,Goodbar,igoodbarko@about.me,Female,193.4.100.157
746,Neille,Wombwell,nwombwellkp@nymag.com,Female,70.132.181.71
747,Gabriele,MacKall,gmackallkq@utexas.edu,Male,9.53.189.99
748,Lenci,Orrey,lorreykr@tinypic.com,Male,65.227.65.253
749,Manda,Gerrie,mgerrieks@4shared.com,Genderfluid,123.242.96.96
750,Wilbert,Ludy,wludykt@google.pl,Male,135.25.77.187
751,Bernardina,Lackinton,blackintonku@so-net.ne.jp,Female,244.223.182.102
752,Kat,Boreland,kborelandkv@free.fr,Female,174.18.75.148
753,Miriam,Proffitt,mproffittkw@nifty.com,Female,168.181.83.77
754,Tami,Triggol,ttriggolkx@sphinn.com,Female,223.154.164.134
755,Ludovico,Kleinbaum,lkleinbaumky@webeden.co.uk,Male,56.142.146.233
756,Corene,Foley,cfoleykz@yandex.ru,Female,145.111.102.34
757,Aurora,Blackaller,ablackallerl0@ustream.tv,Female,194.158.154.171
758,Elsinore,Krochmann,ekrochmannl1@storify.com,Female,219.76.53.205
759,Leoline,Ridhole,lridholel2@blogs.com,Female,146.166.236.204
760,Hastie,Spread,hspreadl3@cnet.com,Male,60.196.30.58
761,Vi,Bowbrick,vbowbrickl4@typepad.com,Female,101.38.4.166
762,Jeremias,Louche,jlouchel5@foxnews.com,Male,172.197.124.149
763,Aguistin,MacDearmid,amacdearmidl6@blogtalkradio.com,Male,55.12.1.199
764,Chris,Silverthorn,csilverthornl7@gov.uk,Male,183.151.95.111
765,Laural,Croft,lcroftl8@mtv.com,Female,1.106.91.121
766,Wilhelmine,Jantzen,wjantzenl9@java.com,Female,236.225.186.194
767,Ysabel,Alliband,yallibandla@gnu.org,Female,119.52.236.180
768,Gerti,Listone,glistonelb@dion.ne.jp,Bigender,56.247.190.162
769,Felix,Jiruca,fjirucalc@utexas.edu,Male,77.102.3.129
770,Kay,Tottem,ktottemld@scribd.com,Female,152.45.224.143
771,Beatrice,Mushet,bmushetle@prweb.com,Female,207.160.28.212
772,Mario,Fitzsymonds,mfitzsymondslf@time.com,Male,227.182.236.157
773,Page,Boult,pboultlg@flickr.com,Female,43.135.251.237
774,Mauricio,Comelini,mcomelinilh@youku.com,Male,196.86.120.20
775,Angel,Hebson,ahebsonli@cmu.edu,Male,81.137.117.153
776,Gerladina,Waddie,gwaddielj@deliciousdays.com,Female,105.164.186.254
777,Prescott,Northall,pnorthalllk@un.org,Male,215.98.221.193
778,Roxane,Gitting,rgittingll@free.fr,Female,17.111.126.221
779,Shaylynn,Geaney,sgeaneylm@istockphoto.com,Female,233.23.17.218
780,Leola,Edinboro,ledinboroln@artisteer.com,Female,175.239.104.54
781,Pierce,Swynley,pswynleylo@newyorker.com,Male,129.174.46.105
782,Edith,Lamden,elamdenlp@ucla.edu,Female,100.54.251.144
783,Hugibert,Gorringe,hgorringelq@devhub.com,Male,17.120.88.211
784,Anissa,Piscopiello,apiscopiellolr@vkontakte.ru,Female,152.141.205.215
785,Jacenta,Lysons,jlysonsls@microsoft.com,Bigender,211.133.108.29
786,Lucy,Bezarra,lbezarralt@furl.net,Female,188.102.118.210
787,Gannon,Seligson,gseligsonlu@a8.net,Male,75.42.240.179
788,Cheryl,Rendle,crendlelv@psu.edu,Female,218.127.212.172
789,Keriann,Moulding,kmouldinglw@bloglines.com,Female,151.103.132.97
790,Theresa,Benka,tbenkalx@ycombinator.com,Female,251.225.119.163
791,Briney,Birch,bbirchly@china.com.cn,Female,111.88.207.136
792,Morgana,Etridge,metridgelz@posterous.com,Female,230.13.169.58
793,Alair,Vanetti,avanettim0@mac.com,Male,100.77.158.40
794,Danella,Lowdiane,dlowdianem1@deliciousdays.com,Female,144.170.231.87
795,Alie,Coverdill,acoverdillm2@squarespace.com,Female,208.130.51.38
796,Tasia,Rankcom,trankcomm3@wufoo.com,Female,189.4.76.220
797,Kassi,Pyott,kpyottm4@unicef.org,Female,193.11.120.197
798,Rodolphe,Pidon,rpidonm5@dion.ne.jp,Male,225.218.192.170
799,Ellynn,Christol,echristolm6@cnn.com,Female,229.62.73.220
800,Silvio,Portt,sporttm7@vinaora.com,Male,192.66.238.165
801,Reinald,Doeg,rdoegm8@discuz.net,Male,167.164.245.164
802,Daisie,Ely,delym9@elegantthemes.com,Polygender,178.119.224.118
803,Hamilton,Cardis,hcardisma@reverbnation.com,Male,200.77.250.48
804,Yvonne,Stocking,ystockingmb@businesswire.com,Female,27.227.67.229
805,Amber,Garric,agarricmc@google.es,Female,99.199.215.156
806,Marge,Fannin,mfanninmd@blogger.com,Female,58.2.185.242
807,Hirsch,Coneybeare,hconeybeareme@adobe.com,Male,216.228.236.155
808,Killy,Anney,kanneymf@biglobe.ne.jp,Male,79.160.16.166
809,Karissa,Neate,kneatemg@csmonitor.com,Female,10.141.17.153
810,Georgette,Nickols,gnickolsmh@whitehouse.gov,Female,128.171.33.27
811,Xylina,Malter,xmaltermi@sciencedaily.com,Female,163.204.58.230
812,Angeli,Misson,amissonmj@ucoz.ru,Male,255.128.253.241
813,Victor,Jendrusch,vjendruschmk@flavors.me,Male,166.4.88.12
814,Kristos,Maffione,kmaffioneml@smugmug.com,Male,58.30.59.94
815,Flory,Estabrook,festabrookmm@paginegialle.it,Male,123.77.115.44
816,Marty,Janicek,mjanicekmn@jigsy.com,Male,167.171.139.67
817,Ezechiel,Blissitt,eblissittmo@elegantthemes.com,Non-binary,30.135.108.168
818,Jermaine,Benninck,jbenninckmp@amazon.co.jp,Male,107.157.155.72
819,Winnie,Storror,wstorrormq@vimeo.com,Female,194.229.3.195
820,Linell,Renshell,lrenshellmr@live.com,Agender,5.99.249.253
821,Bearnard,Atger,batgerms@jiathis.com,Male,61.213.248.182
822,Jason,Crispin,jcrispinmt@un.org,Male,252.181.246.21
823,Leontyne,Goley,lgoleymu@typepad.com,Bigender,178.105.231.9
824,Mic,Hoyland,mhoylandmv@nih.gov,Male,249.209.204.213
825,Gratia,Cavanaugh,gcavanaughmw@tripadvisor.com,Female,220.240.72.87
826,Adelice,Sondon,asondonmx@wordpress.org,Female,152.55.142.136
827,Wilona,Garrals,wgarralsmy@ftc.gov,Female,243.128.225.199
828,Adiana,Hitzmann,ahitzmannmz@yahoo.co.jp,Genderqueer,118.115.63.184
829,Candace,Clissett,cclissettn0@berkeley.edu,Female,218.207.170.107
830,Maison,Blowfield,mblowfieldn1@answers.com,Male,235.100.191.0
831,Lynnett,Waplington,lwaplingtonn2@whitehouse.gov,Female,17.189.75.45
832,Astra,Bannerman,abannermann3@army.mil,Female,153.108.234.45
833,Clarisse,Dumphreys,cdumphreysn4@ustream.tv,Female,177.166.25.192
834,Lina,Phippen,lphippenn5@independent.co.uk,Female,178.214.197.146
835,Kelwin,Klulicek,kklulicekn6@va.gov,Male,40.181.32.172
836,Bjorn,Hoodspeth,bhoodspethn7@networkadvertising.org,Male,161.148.211.64
837,Mallory,Southcott,msouthcottn8@topsy.com,Female,178.128.114.244
838,Bell,Mears,bmearsn9@symantec.com,Female,62.159.212.255
839,Janna,Agge,jaggena@slideshare.net,Female,123.109.22.218
840,Danella,Anstiss,danstissnb@quantcast.com,Female,164.44.14.41
841,Calypso,Penrice,cpenricenc@earthlink.net,Female,237.214.227.135
842,Russell,Carbery,rcarberynd@baidu.com,Male,64.184.147.125
843,Woodie,Petrol,wpetrolne@prweb.com,Male,8.81.81.91
844,Benedikt,Magee,bmageenf@wordpress.org,Male,33.242.36.43
845,Gabriellia,Kenealy,gkenealyng@europa.eu,Female,46.220.124.182
846,Theodor,Cheake,tcheakenh@nsw.gov.au,Male,149.172.193.103
847,Mufi,Hargroves,mhargrovesni@woothemes.com,Female,168.191.178.95
848,Susy,Murrock,smurrocknj@amazonaws.com,Female,71.237.104.180
849,Wyndham,Owen,wowennk@simplemachines.org,Male,138.20.31.137
850,Aluino,Jakubowicz,ajakubowicznl@nyu.edu,Male,65.249.193.7
851,Korella,Tinham,ktinhamnm@google.com.hk,Female,85.44.111.227
852,Cherye,Harwick,charwicknn@reddit.com,Female,92.219.7.241
853,Harvey,Hardiker,hhardikerno@sphinn.com,Male,88.221.155.166
854,Selie,McKeurton,smckeurtonnp@wired.com,Female,74.4.29.226
855,Elliott,Budge,ebudgenq@github.com,Male,69.62.202.100
856,Brand,Iamittii,biamittiinr@tamu.edu,Male,110.100.36.70
857,Jorge,Tinsey,jtinseyns@slashdot.org,Male,25.35.214.124
858,Pattie,Mullinger,pmullingernt@yahoo.com,Male,27.63.200.227
859,Rafe,Phippin,rphippinnu@usatoday.com,Male,78.69.160.60
860,Adiana,Kirton,akirtonnv@apple.com,Female,99.217.66.40
861,Reinhard,Coetzee,rcoetzeenw@tamu.edu,Male,246.177.164.158
862,Moses,Bondy,mbondynx@economist.com,Male,241.157.36.0
863,Nico,Duchart,nduchartny@webnode.com,Male,54.6.128.238
864,Berrie,Leggis,bleggisnz@mayoclinic.com,Non-binary,228.8.5.20
865,Torey,Vella,tvellao0@baidu.com,Male,236.77.199.121
866,Ami,Enderby,aenderbyo1@oakley.com,Female,52.237.214.194
867,Helenelizabeth,Kamenar,hkamenaro2@live.com,Female,46.158.32.118
868,Christiana,Newell,cnewello3@arizona.edu,Female,188.248.223.53
869,Josie,Care,jcareo4@patch.com,Bigender,172.85.48.186
870,Austen,Bachmann,abachmanno5@marriott.com,Male,203.211.203.254
871,Padraig,Mayling,pmaylingo6@lulu.com,Male,223.110.128.97
872,Johnathon,De Maine,jdemaineo7@naver.com,Male,232.193.114.68
873,Ray,Banat,rbanato8@paypal.com,Male,216.134.204.44
874,Jefferson,Whordley,jwhordleyo9@hao123.com,Male,207.57.148.177
875,Manny,Larvor,mlarvoroa@angelfire.com,Male,241.131.207.176
876,Torrence,Klemencic,tklemencicob@nba.com,Male,90.18.0.233
877,Maynard,Eynaud,meynaudoc@microsoft.com,Polygender,135.83.182.5
878,Nap,Franzonello,nfranzonellood@washington.edu,Male,21.124.99.65
879,Roddie,Mathers,rmathersoe@wikispaces.com,Male,22.42.87.62
880,Seka,Lelande,slelandeof@princeton.edu,Female,46.181.177.114
881,Etti,Andrus,eandrusog@senate.gov,Female,66.89.81.19
882,Gabriellia,Gathwaite,ggathwaiteoh@indiegogo.com,Non-binary,241.184.81.155
883,Merola,Townsley,mtownsleyoi@cbsnews.com,Female,229.87.114.108
884,Meade,Spikins,mspikinsoj@harvard.edu,Male,154.73.144.233
885,Ive,Dady,idadyok@prnewswire.com,Male,144.140.159.51
886,Heather,Feasley,hfeasleyol@a8.net,Female,145.101.203.40
887,Salome,Wilsone,swilsoneom@forbes.com,Female,113.189.135.33
888,Carolynn,Timms,ctimmson@163.com,Female,202.230.150.249
889,Calhoun,Allwright,callwrightoo@qq.com,Male,194.181.175.131
890,Trisha,Bleasdille,tbleasdilleop@slate.com,Female,57.73.89.205
891,Dud,Pautard,dpautardoq@facebook.com,Male,42.130.51.173
892,Emmalynne,Lippatt,elippattor@dion.ne.jp,Female,67.235.15.96
893,Briney,Darling,bdarlingos@china.com.cn,Female,175.126.246.244
894,Sigvard,Forgie,sforgieot@wix.com,Male,201.4.199.68
895,Loutitia,Georgi,lgeorgiou@purevolume.com,Female,54.79.136.50
896,Derek,Learoyd,dlearoydov@cpanel.net,Male,74.114.116.3
897,Burch,Keates,bkeatesow@kickstarter.com,Male,172.245.136.168
898,Tom,Alcalde,talcaldeox@nsw.gov.au,Male,177.186.101.81
899,Astra,Ghelerdini,aghelerdinioy@plala.or.jp,Female,66.130.246.110
900,Letty,Crehan,lcrehanoz@engadget.com,Female,149.40.202.252
901,Melita,Oxlade,moxladep0@behance.net,Female,13.57.172.121
902,Charil,Giacobini,cgiacobinip1@jiathis.com,Bigender,170.234.66.18
903,Angeli,Este,aestep2@shareasale.com,Male,48.127.198.242
904,Charmane,Colleck,ccolleckp3@csmonitor.com,Female,23.195.60.200
905,Eadie,Tombleson,etomblesonp4@ovh.net,Female,188.134.131.194
906,Heloise,Balch,hbalchp5@360.cn,Female,136.219.13.22
907,Chantalle,Bardell,cbardellp6@odnoklassniki.ru,Genderfluid,21.181.118.72
908,Rubin,Herculson,rherculsonp7@twitter.com,Male,78.156.1.145
909,Clerissa,MacMakin,cmacmakinp8@theguardian.com,Female,105.221.117.85
910,Meir,Batchley,mbatchleyp9@bigcartel.com,Male,67.224.86.97
911,Giffie,Reilingen,greilingenpa@weather.com,Male,208.95.145.43
912,Clarinda,Bloodworthe,cbloodworthepb@oaic.gov.au,Female,245.221.77.199
913,Tedman,Bullus,tbulluspc@cnet.com,Male,128.91.18.74
914,Weylin,Olerenshaw,wolerenshawpd@issuu.com,Agender,224.29.57.154
915,Lester,Minister,lministerpe@eepurl.com,Male,116.174.199.249
916,Roosevelt,Housin,rhousinpf@smugmug.com,Male,5.231.27.88
917,Sissie,Sothern,ssothernpg@a8.net,Female,57.175.63.58
918,Agnese,Jirik,ajirikph@reddit.com,Female,182.250.115.88
919,Malcolm,Gagie,mgagiepi@loc.gov,Genderqueer,96.27.190.80
920,Taber,Kinlock,tkinlockpj@weibo.com,Male,227.227.26.182
921,Katalin,Lope,klopepk@chron.com,Agender,223.17.21.249
922,Lynde,Argue,larguepl@dropbox.com,Female,105.134.148.88
923,Salvidor,Feore,sfeorepm@gizmodo.com,Male,65.58.51.135
924,Jilly,Cino,jcinopn@squarespace.com,Female,109.107.100.88
925,Veronika,McKeveney,vmckeveneypo@latimes.com,Female,184.13.227.237
926,Linus,Haxell,lhaxellpp@theguardian.com,Male,96.134.242.163
927,Othello,Hurren,ohurrenpq@indiegogo.com,Male,30.87.72.37
928,Bram,Vella,bvellapr@addthis.com,Male,90.130.175.191
929,Gilbert,Westgate,gwestgateps@state.gov,Male,213.76.96.100
930,Dud,Schultes,dschultespt@redcross.org,Non-binary,0.203.101.127
931,Huey,Twells,htwellspu@reverbnation.com,Male,92.196.194.113
932,Jonell,Pearton,jpeartonpv@1688.com,Female,186.112.34.148
933,Sula,Longthorne,slongthornepw@imageshack.us,Female,250.129.123.89
934,Bartel,Filipiak,bfilipiakpx@weebly.com,Male,230.188.155.235
935,Ashley,Kuhle,akuhlepy@huffingtonpost.com,Male,35.109.185.15
936,Norah,Knutton,nknuttonpz@com.com,Female,148.142.0.204
937,Tera,Gretton,tgrettonq0@nationalgeographic.com,Female,105.164.67.14
938,Sena,Peoples,speoplesq1@google.de,Female,194.40.53.4
939,Rafaelia,Tarbet,rtarbetq2@blogtalkradio.com,Female,11.200.5.42
940,Hamlen,Phillpot,hphillpotq3@arstechnica.com,Male,121.230.92.210
941,Nial,Winney,nwinneyq4@kickstarter.com,Male,216.66.180.187
942,Joseito,Ismead,jismeadq5@zimbio.com,Male,47.41.30.123
943,Dael,Blazewicz,dblazewiczq6@yandex.ru,Female,24.56.253.191
944,Emelyne,Espinosa,eespinosaq7@mail.ru,Female,108.149.187.181
945,Curr,Husbands,chusbandsq8@tinyurl.com,Male,0.114.210.41
946,Barr,Cannan,bcannanq9@techcrunch.com,Male,159.65.159.246
947,Maryjane,Bickerstaff,mbickerstaffqa@army.mil,Female,163.234.101.97
948,Willie,Storr,wstorrqb@edublogs.org,Agender,72.97.41.220
949,Harri,Rudloff,hrudloffqc@techcrunch.com,Female,63.127.55.129
950,Bobinette,Isitt,bisittqd@sourceforge.net,Female,65.230.93.158
951,Nikki,Lillgard,nlillgardqe@utexas.edu,Male,255.120.163.68
952,Deloria,MacElharge,dmacelhargeqf@independent.co.uk,Female,239.211.187.129
953,Elinore,Biaggetti,ebiaggettiqg@jimdo.com,Female,233.198.145.172
954,Romeo,Coling,rcolingqh@shareasale.com,Male,199.1.239.138
955,Orelia,Patrick,opatrickqi@altervista.org,Female,110.220.157.150
956,Buiron,McRill,bmcrillqj@woothemes.com,Male,77.36.122.111
957,Danyette,Alenikov,dalenikovqk@telegraph.co.uk,Female,53.115.49.116
958,Roana,Ipwell,ripwellql@twitpic.com,Female,211.48.41.246
959,Kaia,Blayd,kblaydqm@ed.gov,Female,40.129.104.83
960,Walt,Barrus,wbarrusqn@taobao.com,Male,183.237.42.174
961,Avictor,Le land,alelandqo@mediafire.com,Male,211.12.226.180
962,Trenton,Alenichicov,talenichicovqp@walmart.com,Male,36.250.18.68
963,Sosanna,Dray,sdrayqq@rediff.com,Female,106.247.188.113
964,Bertina,Melior,bmeliorqr@opensource.org,Female,107.202.123.8
965,Neale,Duffree,nduffreeqs@chicagotribune.com,Male,142.24.76.97
966,Glenine,Sinnie,gsinnieqt@salon.com,Female,45.118.173.98
967,Olivier,Portman,oportmanqu@jiathis.com,Male,168.221.221.31
968,Brina,Westwater,bwestwaterqv@webnode.com,Female,83.202.30.157
969,Daniella,Satterley,dsatterleyqw@tmall.com,Female,24.171.58.146
970,Vernice,Sikora,vsikoraqx@ox.ac.uk,Female,220.68.102.193
971,Oby,Rosenthaler,orosenthalerqy@com.com,Male,92.254.45.189
972,Ammamaria,Towle,atowleqz@sina.com.cn,Polygender,44.178.57.162
973,Myrta,Salmoni,msalmonir0@who.int,Female,235.236.14.27
974,Drugi,Cocksedge,dcocksedger1@hostgator.com,Polygender,57.36.14.14
975,Kiley,Dyball,kdyballr2@economist.com,Male,88.235.55.164
976,Benedikt,Gabler,bgablerr3@answers.com,Non-binary,124.172.160.181
977,Rhett,Loxdale,rloxdaler4@skyrock.com,Male,248.245.103.183
978,Garrik,Hambright,ghambrightr5@arizona.edu,Male,69.249.254.78
979,Gates,Kiddle,gkiddler6@icio.us,Female,16.35.122.75
980,Dimitry,de Savery,ddesaveryr7@theatlantic.com,Male,234.98.130.247
981,Birk,Winsiowiecki,bwinsiowieckir8@prweb.com,Male,147.46.177.100
982,Edee,Vedntyev,evedntyevr9@mac.com,Female,181.112.16.213
983,Delmar,Rodgier,drodgierra@nasa.gov,Male,133.193.232.90
984,Brandy,Frany,bfranyrb@drupal.org,Female,152.93.71.155
985,Amandy,Kingh,akinghrc@pagesperso-orange.fr,Female,20.169.65.220
986,Cornell,Crossdale,ccrossdalerd@amazon.co.jp,Male,184.206.32.100
987,Kermit,Kitteridge,kkitteridgere@huffingtonpost.com,Male,166.250.114.36
988,Marilyn,Basterfield,mbasterfieldrf@nytimes.com,Female,100.158.9.204
989,Lynde,Sell,lsellrg@ibm.com,Female,50.245.217.153
990,Darryl,Spragge,dspraggerh@facebook.com,Male,178.195.52.25
991,Tobias,Grigorini,tgrigoriniri@imageshack.us,Male,115.111.206.57
992,Skipper,Dronsfield,sdronsfieldrj@csmonitor.com,Male,128.215.77.82
993,Thacher,Mechem,tmechemrk@house.gov,Male,215.57.81.93
994,Chiarra,Tolliday,ctollidayrl@g.co,Female,12.123.179.164
995,Kellen,Weeks,kweeksrm@squarespace.com,Male,23.33.58.6
996,Killy,Rowatt,krowattrn@eventbrite.com,Male,114.21.190.136
997,Garland,Dealy,gdealyro@howstuffworks.com,Female,142.150.100.87
998,Obed,Bulfield,obulfieldrp@baidu.com,Male,25.225.52.103
999,Kimberley,Caldero,kcalderorq@hexun.com,Female,236.253.238.127
1000,Irving,Hamnet,ihamnetrr@digg.com,Male,255.34.248.125
